{
  "ts": "2025-12-12T05:19:45Z",
  "mode": "PROD",
  "root_id": 1900,
  "pipeline": "plan_progression",
  "stage_commit_rc": 0,
  "stage_commit_out_tail": "[main 669734d] [R1900] [PROD] Dynamo pipeline=plan_progression\n 2 files changed, 42 insertions(+), 1 deletion(-)\n create mode 100644 station_meta/integrate/integrate_2025-12-12T05:19:43Z.txt\n>>> [stage_commit_push] pushing to origin...\nTo https://github.com/nasserjawabreh9-sys/Nasser.git\n   0a37db2..669734d  main -> main\n>>> [stage_commit_push] push OK\n"
}