{
  "ts": "2025-12-12T05:16:20Z",
  "mode": "PROD",
  "root_id": 3000,
  "pipeline": "agent_validate",
  "stage_commit_rc": 0,
  "stage_commit_out_tail": "[main 8e9d29b] [R3000] [PROD] Dynamo pipeline=agent_validate\n 7 files changed, 187 insertions(+), 1 deletion(-)\n create mode 100644 station_meta/integrate/integrate_2025-12-12T05:16:18Z.txt\n>>> [stage_commit_push] pushing to origin...\nTo https://github.com/nasserjawabreh9-sys/Nasser.git\n   def85b1..8e9d29b  main -> main\n>>> [stage_commit_push] push OK\n"
}