{
  "ts": "2025-12-12T05:19:39Z",
  "mode": "PROD",
  "root_id": 1000,
  "pipeline": "bootstrap_validate",
  "stage_commit_rc": 0,
  "stage_commit_out_tail": "[main 98150f5] [R1000] [PROD] Dynamo pipeline=bootstrap_validate\n 5 files changed, 12 insertions(+), 4 deletions(-)\n create mode 100644 station_meta/tree/last_tree_update_epoch.txt\n create mode 100644 station_meta/tree/last_tree_update_utc.txt\n>>> [stage_commit_push] pushing to origin...\nTo https://github.com/nasserjawabreh9-sys/Nasser.git\n   1ac60f3..98150f5  main -> main\n>>> [stage_commit_push] push OK\n"
}