{
  "ts": "2025-12-12T02:51:49Z",
  "mode": "TRIAL-2",
  "root_id": 1000,
  "pipeline": "bootstrap_validate",
  "stage_commit_rc": 0,
  "stage_commit_out_tail": "[main 13f96d8] [R1000] [TRIAL-2] Dynamo pipeline=bootstrap_validate\n 15 files changed, 221 insertions(+), 182 deletions(-)\n create mode 100755 scripts/ops/patch_repo_hygiene.sh\n create mode 100644 station_meta/bindings/runtime_ports.json\n delete mode 100644 station_meta/dynamo/backend.pid\n delete mode 100644 station_meta/dynamo/events.jsonl\n delete mode 100644 station_meta/locks/bindings.lock.json\n delete mode 100644 station_meta/locks/env.lock.json\n delete mode 100644 station_meta/locks/stage.lock.json\n delete mode 100644 station_meta/locks/tree.lock.json\n delete mode 100644 station_meta/queue/tasks.jsonl\n>>> [stage_commit_push] pushing to origin...\nTo https://github.com/nasserjawabreh9-sys/Nasser.git\n   72d66fe..13f96d8  main -> main\n>>> [stage_commit_push] push OK\n"
}