{
  "version": "1.0.0",
  "modes": ["TRIAL-1","TRIAL-2","TRIAL-3","PROD"],
  "default_root_id": 1000,
  "event_log": "station_meta/dynamo/events.jsonl",
  "lock_dir": "station_meta/locks",
  "queue_file": "station_meta/queue/tasks.jsonl",
  "stage_reports_dir": "station_meta/stage_reports",
  "lease_seconds": 120,
  "pipelines": {
    "bootstrap_validate": [
      {"name":"tree_update","cmd":"bash scripts/tree_authority/tree_update.sh"},
      {"name":"tree_broadcast","cmd":"bash scripts/tree_authority/tree_broadcast.sh"}
    ],
    "preflight_guards": [
      {"name":"guard_tree_fresh","cmd":"bash scripts/guards/guard_tree_fresh.sh"},
      {"name":"rooms_broadcast","cmd":"bash scripts/rooms/rooms_broadcast.sh"},
      {"name":"guard_rooms_broadcast","cmd":"bash scripts/guards/guard_rooms_broadcast.sh"},
      {"name":"guard_termux_safe_deps","cmd":"bash scripts/guards/guard_termux_safe_deps.sh"}
    ],
    "plan_progression": [
      {"name":"integrate_report","cmd":"bash scripts/ops/integrate_report.sh"}
    ]
  }
}
